tender_row_nr,tender_id,tender_country,tender_title,tender_size,tender_supplyType,tender_procedureType,tender_nationalProcedureType,tender_mainCpv,tender_cpvs,tender_addressOfImplementation_nuts,tender_year,tender_eligibleBidLanguages,tender_npwp_reasons,tender_awardDeadline,tender_contractSignatureDate,tender_awardDecisionDate,tender_bidDeadline,tender_cancellationDate,tender_estimatedStartDate,tender_estimatedCompletionDate,tender_estimatedDurationInYears,tender_estimatedDurationInMonths,tender_estimatedDurationInDays,tender_isEUFunded,tender_isDps,tender_isElectronicAuction,tender_isAwarded,tender_isCentralProcurement,tender_isJointProcurement,tender_isOnBehalfOf,tender_isFrameworkAgreement,tender_isCoveredByGpa,tender_hasLots,tender_estimatedPrice,tender_estimatedPrice_currency,tender_estimatedPrice_minNetAmount,tender_estimatedPrice_maxNetAmount,tender_estimatedPrice_EUR,tender_finalPrice,tender_finalPrice_currency,tender_finalPrice_minNetAmount,tender_finalPrice_maxNetAmount,tender_finalPrice_EUR,tender_description_length,tender_personalRequirements_length,tender_economicRequirements_length,tender_technicalRequirements_length,tender_documents_count,tender_awardCriteria_count,tender_corrections_count,tender_onBehalfOf_count,tender_lots_count,tender_publications_count,tender_publications_firstCallForTenderDate,tender_publications_lastCallForTenderDate,tender_publications_firstdContractAwardDate,tender_publications_lastContractAwardDate,tender_publications_lastContractAwardUrl,tender_indicator_INTEGRITY_SINGLE_BID,tender_indicator_INTEGRITY_CALL_FOR_TENDER_PUBLICATION,tender_indicator_INTEGRITY_ADVERTISEMENT_PERIOD,tender_indicator_INTEGRITY_PROCEDURE_TYPE,tender_indicator_INTEGRITY_DECISION_PERIOD,tender_indicator_INTEGRITY_TAX_HAVEN,tender_indicator_INTEGRITY_NEW_COMPANY,tender_indicator_ADMINISTRATIVE_CENTRALIZED_PROCUREMENT,tender_indicator_ADMINISTRATIVE_ELECTRONIC_AUCTION,tender_indicator_ADMINISTRATIVE_COVERED_BY_GPA,tender_indicator_ADMINISTRATIVE_FRAMEWORK_AGREEMENT,tender_indicator_ADMINISTRATIVE_ENGLISH_AS_FOREIGN_LANGUAGE,tender_indicator_ADMINISTRATIVE_NOTICE_AND_AWARD_DISCREPANCIES,tender_indicator_TRANSPARENCY_NUMBER_OF_KEY_MISSING_FIELDS,tender_indicator_TRANSPARENCY_AWARD_DATE_MISSING,tender_indicator_TRANSPARENCY_BUYER_NAME_MISSING,tender_indicator_TRANSPARENCY_PROC_METHOD_MISSING,tender_indicator_TRANSPARENCY_BUYER_LOC_MISSING,tender_indicator_TRANSPARENCY_BIDDER_ID_MISSING,tender_indicator_TRANSPARENCY_BIDDER_NAME_MISSING,tender_indicator_TRANSPARENCY_MARKET_MISSING,tender_indicator_TRANSPARENCY_TITLE_MISSING,tender_indicator_TRANSPARENCY_VALUE_MISSING,tender_indicator_TRANSPARENCY_YEAR_MISSING,tender_indicator_INTEGRITY_WINNER_CA_SHARE,tender_indicator_TRANSPARENCY_MISSING_ADDRESS_OF_IMPLEMENTATION_NUTS,tender_indicator_TRANSPARENCY_MISSING_ELIGIBLE_BID_LANGUAGES,tender_indicator_TRANSPARENCY_MISSING_OR_INCOMPLETE_AWARD_CRITERIA,tender_indicator_TRANSPARENCY_MISSING_OR_INCOMPLETE_CPVS,tender_indicator_TRANSPARENCY_MISSING_OR_INCOMPLETE_DURATION_INFO,tender_indicator_TRANSPARENCY_MISSING_OR_INCOMPLETE_FUNDINGS_INFO,tender_indicator_TRANSPARENCY_MISSING_SELECTION_METHOD,tender_indicator_TRANSPARENCY_MISSING_SUBCONTRACTED_INFO,buyer_row_nr,buyer_buyerType,buyer_mainActivities,buyer_id,buyer_name,buyer_nuts,buyer_city,buyer_country,buyer_postcode,lot_row_nr,lot_title,lot_selectionMethod,lot_status,lot_contractSignatureDate,lot_cancellationDate,lot_isAwarded,lot_estimatedPrice,lot_estimatedPrice_currency,lot_estimatedPrice_minNetAmount,lot_estimatedPrice_maxNetAmount,lot_estimatedPrice_EUR,lot_lotNumber,lot_bidsCount,lot_validBidsCount,lot_smeBidsCount,lot_electronicBidsCount,lot_nonEuMemberStatesCompaniesBidsCount,lot_otherEuMemberStatesCompaniesBidsCount,lot_foreignCompaniesBidsCount,lot_description_length,bid_row_nr,bid_isWinning,bid_isSubcontracted,bid_isConsortium,bid_price,bid_price_currency,bid_price_minNetAmount,bid_price_maxNetAmount,bid_price_EUR,bidder_row_nr,bidder_id,bidder_name,bidder_nuts,bidder_city,bidder_country,bidder_postcode,address,location,map_coordinates,country_name
0,5a683bc0-e02f-4512-94b5-7997e96aa870,IE,,ABOVE_THE_THRESHOLD,SERVICES,RESTRICTED,,71322200,"71322200,71311000,71322000,71332000",IE,2010.0,,,,,2007/01/04,,,,,,,,no,no,no,,,,no,no,yes,,600000.0,EUR,,,600000.0,260000.0,EUR,,,260000.0,,,,,,2.0,,,1.0,1,,,2010-01-01,2010-01-01,,100.0,0,100.0,100,100.0,100.0,,,0.0,100.0,0.0,,,,,,,,,100.0,,,100.0,,,100.0,,,,,100.0,,100.0,1.0,REGIONAL_AUTHORITY,GENERAL_PUBLIC_SERVICES,EU_body_e5c32c604c7013cf03ab3e92d6e2a233706385b8568aeed5504bca6965f8a1d7,Dublin City Council,,Dublin,IE,8,1.0,Dublin Docklands Rising Mains.,,AWARDED,,,,,,,,,,6.0,,,,,,,,1.0,yes,yes,,260000.0,EUR,,,260000.0,1.0,EU_body_eeb3222297652303a59f113c54bb0d91c0add58380eb0688fbc35cb5675657fd,Nicholas O'Dwyer Ltd.,,Dublin,IE,14,"Dublin,IE","Dublin, Dublin 1, Leinster, Éire / Ireland","[53.3498006, -6.2602964]", Ireland
1,b4f5c5fb-61f2-46ed-a847-45be7f2973c3,IE,,ABOVE_THE_THRESHOLD,WORKS,RESTRICTED,,45000000,45000000,,,,,,,2006/01/20,,,,,,,,no,no,no,,,,no,no,yes,,,,,,,11200770.0,EUR,,,11200770.0,,,,,,5.0,,,1.0,1,,,2006-01-01,2006-01-01,,100.0,0,100.0,100,100.0,100.0,,,0.0,100.0,0.0,,,,,,,,,100.0,,,100.0,,,0.0,,,,,100.0,,100.0,1.0,REGIONAL_AUTHORITY,,EU_body_51aaaf2d03907f44b0a69445690ccf80d2137997c8c16e27605b932566a62a99,Plassey Campus Developments Ltd,,Limerick,IE,,1.0,,,AWARDED,,,,,,,,,,2.0,,,,,,,,1.0,yes,no,,11200769.0,EUR,,,11200769.0,1.0,EU_body_3847629d7229795f08510f0661ff0c9d954ad24a0815044b99d5092ab33f1e65,Eiffel Construction Metallique,,London,UK,W4 5PY,"Limerick,IE","Limerick, County Limerick, Munster, Éire / Ireland","[52.661252, -8.6301239]", Ireland
2,aed98cd7-2620-4ac3-a428-257097c61c0d,IE,,ABOVE_THE_THRESHOLD,WORKS,RESTRICTED,,45215000,"45215000,45350000,45310000,45313100,36671000",IE021,,EN,,,,,2008/06/09,,,,,,,no,no,no,,,,no,no,yes,,20000000.0,EUR,,,20000000.0,,,,,,,,,,,,,,1.0,1,2008-01-01,2008-01-01,,,,,100,100.0,100,,,,,0.0,100.0,0.0,,,,,,,,,,,,0.0,,,,100.0,0.0,100.0,0.0,,100.0,,1.0,REGIONAL_AUTHORITY,"GENERAL_PUBLIC_SERVICES,HOUSING_AND_COMMUNITY_AMENITIES,OTHER,ENVIRONMENT,RECREATION_CULTURE_AND_RELIGION",EU_body_ce2daf25aaa7084360d52df7e67c99360b2a3a1f60b183e081554288e9d77269,South Dublin County Council,,Dublin,IE,24,1.0,,,ANNOUNCED,,,,,,,,,,,,,,,,,,,,,,,,,,,,,,,,,,"Dublin,IE","Dublin, Dublin 1, Leinster, Éire / Ireland","[53.3498006, -6.2602964]", Ireland
3,6554e499-0731-4216-965d-7c1e8461d874,IE,,ABOVE_THE_THRESHOLD,SERVICES,OPEN,,72222300,72222300,IE,,"EN,GA",,,,2007/12/13,2007/11/16,,,,,36.0,1080.0,no,no,no,,,,no,no,yes,,263500.0,EUR,,,263500.0,263500.0,EUR,,,263500.0,,,,,,6.0,,,1.0,2,2007-01-01,2007-01-01,2008-01-01,2008-01-01,,100.0,100,100.0,100,,100.0,,,0.0,100.0,0.0,,52.9412,,,,,,,100.0,,,100.0,,,100.0,100.0,100.0,100.0,0.0,100.0,100.0,100.0,1.0,REGIONAL_AUTHORITY,"GENERAL_PUBLIC_SERVICES,ENVIRONMENT,PUBLIC_ORDER_AND_SAFETY,OTHER,HOUSING_AND_COMMUNITY_AMENITIES,RECREATION_CULTURE_AND_RELIGION",EU_body_560ecfa1ddbe4860a787efd6f63c4cfacdc34f29f39da9ac23dd0310d8fbd2b8,Dublin City Council,,Dublin,IE,8,1.0,,,AWARDED,,,,,,,,,,5.0,,,,,,,,1.0,yes,no,,263500.0,EUR,,,263500.0,1.0,EU_body_b9b368a58b1c976df0360e5741c161a123b6e8bf051b54fdda762d289f4088f1,Eircom,,Dublin 2,IE,,"Dublin,IE","Dublin, Dublin 1, Leinster, Éire / Ireland","[53.3498006, -6.2602964]", Ireland
4,9bd91613-c468-41c9-a12a-1978898626fb,IE,,BELOW_THE_THRESHOLD,SERVICES,OPEN,,74131000,"74131000,74131600,74131200,73210000,79310000,79311400,79315000",IE,,"EN,GA",,,,2008/10/06,2008/05/07,,,,,,,no,no,no,,,,no,no,yes,,,,,,,421924.0,EUR,,,421924.0,,,,,,5.0,,,1.0,2,2008-01-01,2008-01-01,2008-01-01,2008-01-01,,100.0,100,100.0,100,,100.0,,,0.0,100.0,0.0,,56.25,,,,,,,100.0,,,100.0,,,100.0,100.0,100.0,100.0,0.0,100.0,100.0,100.0,1.0,PUBLIC_BODY,"ECONOMIC_AND_FINANCIAL_AFFAIRS,OTHER",EU_body_a3d1e552d20dcdd3adfa6ffa3674be91277f2f68d352381a339959ef5a5edf1b,National Centre for Partnership and Performance,,Dublin,IE,Dublin 1,1.0,,,AWARDED,,,,,,,,,,2.0,,,,,,,,1.0,yes,no,,265602.0,EUR,,,265602.0,1.0,EU_body_deb7dbb6bae0d2c0dfa7f84d1011ce8ddce017988c2a09393329826598ec5677,ESRI and Amarach Reserach,,Dublin,IE,,"Dublin,IE","Dublin, Dublin 1, Leinster, Éire / Ireland","[53.3498006, -6.2602964]", Ireland
5,d2c8c2cd-cb88-4e9f-ba5d-4d25dde73216,IE,,BELOW_THE_THRESHOLD,SERVICES,OPEN,,72000000,"72000000,72130000,72200000,72227000,72230000,72240000,72246000,72262000,72263000,72541000",IE,,EN,,,,2007/05/03,2007/01/08,,,,,,,no,no,no,,,,no,no,yes,,,,,,,224264.0,EUR,,,224264.0,,,,,,5.0,,,1.0,2,2006-01-01,2006-01-01,2007-01-01,2007-01-01,,100.0,100,100.0,100,,100.0,,,0.0,100.0,0.0,,56.25,,,,,,,100.0,,,0.0,,,100.0,100.0,100.0,100.0,0.0,100.0,100.0,100.0,1.0,PUBLIC_BODY,EDUCATION,EU_body_aecf453f80c3ddfa53dbaa32e8081b58b44f29945efe6071a2a01e1f552175f8,"National University of Ireland, Galway",,Galway,IE,,1.0,,,AWARDED,,,,,,,,,,8.0,,,,,,,,1.0,yes,no,,,,,,,1.0,EU_body_d4ef307b329ae7db60e9d0bcefadfe2aefbe6741a70e378c248f12c7073402a0,Ward Solutions Ltd,,Dublin,IE,24,"Galway,IE","Cathair na Gaillimhe, County Galway, Connacht, Éire / Ireland","[53.2744122, -9.0490601]", Ireland
6,0a7ed742-db40-4bb4-97fd-4e7f4afdf8e5,IE,,ABOVE_THE_THRESHOLD,SERVICES,OPEN,,78100000,"78100000,22000000",IE,,"EN,Irish.",,,,2007/09/07,2007/07/20,,,,,34.0,1020.0,no,no,no,,,,yes,no,yes,,,,,,,461251.0,EUR,,,461251.0,,,,,,5.0,,,1.0,2,2007-01-01,2007-01-01,2007-01-01,2007-01-01,,100.0,100,100.0,100,,100.0,,,0.0,100.0,0.0,,56.25,,,,,,,100.0,,,100.0,,,100.0,100.0,100.0,100.0,0.0,100.0,100.0,100.0,1.0,OTHER,OTHER,EU_body_4144e1f80b99b83ed5ac965b156abbede20ae381d26873deb1c2bd5f2d40ef3b,"Government Supplies Agency, Office of Public Works, Printing Section",,Dublin 2,IE,,1.0,,,AWARDED,,,,,,,,,,2.0,,,,,,,,1.0,yes,no,,461251.0,EUR,,,461251.0,1.0,EU_body_b97524667ac64a7b75cc23aeac12715d65d13980ff0d906a4804de49ebead394,D.C. Kavanagh/EBrook,,Dublin 12,IE,,"Dublin 2,IE","Dublin 2, Leinster, Éire / Ireland","[53.338971400000005, -6.252678799450818]", Ireland
7,adf46fd1-11bb-41ce-bce5-4f94e79f7054,IE,,ABOVE_THE_THRESHOLD,WORKS,OPEN,,74231500,74231500,IE,,EN,,,,,2006/11/24,,,,,,,no,no,no,,,,no,no,yes,,7000000.0,EUR,,,7000000.0,,,,,,,,,,,,,,1.0,1,2006-01-01,2006-01-01,,,,,100,100.0,100,,,,,0.0,100.0,0.0,,,,,,,,,,,,0.0,,,,100.0,0.0,100.0,0.0,,100.0,,1.0,REGIONAL_AUTHORITY,"ENVIRONMENT,GENERAL_PUBLIC_SERVICES,HOUSING_AND_COMMUNITY_AMENITIES,PUBLIC_ORDER_AND_SAFETY",EU_body_ea08a5b00c761f294f9ba8b610a4723faf8036b89b6ad4ad2fc22ef1e37a3ae4,Waterford City Council,,Waterford,IE,,1.0,,,ANNOUNCED,,,,,,,,,,,,,,,,,,,,,,,,,,,,,,,,,,"Waterford,IE","Waterford, County Waterford, Munster, Éire / Ireland","[52.2609997, -7.1119081]", Ireland
8,232b59db-cfd7-4609-8503-a16c5425c354,IE,,ABOVE_THE_THRESHOLD,SERVICES,OPEN,,73110000,"73110000,45112450",IE,,EN,,,,2006/12/15,2006/11/15,,,,,,,no,no,no,,,,no,no,yes,,160000.0,EUR,,,160000.0,148400.0,EUR,,,148400.0,,,,,,4.0,,,1.0,2,2006-01-01,2006-01-01,2007-01-01,2007-01-01,,100.0,100,100.0,100,,100.0,,,0.0,100.0,0.0,,60.0,,,,,,,100.0,,,100.0,,,100.0,100.0,100.0,100.0,0.0,100.0,100.0,100.0,1.0,NATIONAL_AUTHORITY,"OTHER,GENERAL_PUBLIC_SERVICES,ENVIRONMENT",EU_body_2f62f966f33cd8ccf7ef5a52368b721d5a03e7358a0dcb7d213cad8ec0dbbe46,"Department of the Environment, Heritage & Local Government",,Dublin,IE,2,1.0,,,AWARDED,,,,,,,,,,8.0,,,,,,,,1.0,yes,no,,148400.0,EUR,,,148400.0,1.0,EU_body_41181a7728c9e0568f7bb1d09b3b14a09468657b3573624d17a51c0de66f8d50,Archaeological Consultancy Services Ltd.,,Drogheda,IE,,"Dublin,IE","Dublin, Dublin 1, Leinster, Éire / Ireland","[53.3498006, -6.2602964]", Ireland
9,0df4b681-3123-4cdc-aa73-ed688881dcb7,IE,,ABOVE_THE_THRESHOLD,SUPPLIES,OPEN,,33261100,"33261100,33253300,33451000",IE,,EN,,,,,2007/11/22,,,,,,,yes,no,no,,,,no,no,yes,,1500000.0,EUR,,,1500000.0,,,,,,,,,,,,,,1.0,1,2007-01-01,2007-01-01,,,,,100,100.0,100,,,,,0.0,100.0,0.0,,,,,,,,,,,,0.0,,,,100.0,0.0,100.0,0.0,,100.0,,1.0,PUBLIC_BODY,EDUCATION,EU_body_e34a61c5f314240ecfece54d314fdacc38430266f6c2850a069b42209f5c0967,Dublin City University,,Dublin 9,IE,,1.0,,,ANNOUNCED,,,,,,,,,,,,,,,,,,,,,,,,,,,,,,,,,,"Dublin 9,IE","Dublin 9, Leinster, Éire / Ireland","[53.3860497, -6.245577085317763]", Ireland
10,607c5a01-beb1-47b2-b96d-9a4b5da50eaa,IE,,ABOVE_THE_THRESHOLD,WORKS,RESTRICTED,,45215100,"45215100,45310000,45351000",IE01,2009.0,EN,,,,2009/01/15,2008/07/11,,,,,,,no,no,no,,,,no,no,yes,,,,,,,13867955.0,EUR,,,13867955.0,,,,,,2.0,,,1.0,2,2008-01-01,2008-01-01,2009-01-01,2009-01-01,,100.0,100,100.0,100,,100.0,,,0.0,100.0,0.0,,69.2308,,,,,,,100.0,,,0.0,,,100.0,100.0,100.0,100.0,0.0,100.0,100.0,100.0,1.0,PUBLIC_BODY,HEALTH,EU_body_c396fae0417403478f9194ea937e4477369924500d04e488e3680dcf249cb5c4,Health Service Executive,,Sligo,IE,,1.0,,,AWARDED,,,,,,,,,,8.0,,,,,,,,1.0,yes,no,,,,,,,1.0,EU_body_743a2f5df2764c144bb9843f5ca85e49b8a112ec82f74791cdc63b09757a60e9,Michael McNamara & Co.,,Dublin,IE,7,"Sligo,IE","Sligo, Sligo Municipal Borough District, County Sligo, Connacht, Éire / Ireland","[54.2720696, -8.4751357]", Ireland
11,944addef-bf0b-4771-9c93-961a1d15205d,IE,,ABOVE_THE_THRESHOLD,SUPPLIES,OPEN,,09135000,09135000,IE,2009.0,EN,,,,2010/02/01,2009/12/11,,,,,24.0,720.0,no,no,no,,,,no,no,no,,,,,,,1400000.0,EUR,,,1400000.0,,,,,,3.0,,,1.0,3,2009-01-01,2009-01-01,2010-01-01,2010-01-01,,100.0,100,100.0,100,,100.0,,,0.0,0.0,0.0,,52.9412,,,,,,,100.0,,,0.0,,,100.0,100.0,100.0,100.0,0.0,100.0,100.0,100.0,1.0,REGIONAL_AUTHORITY,"ENVIRONMENT,GENERAL_PUBLIC_SERVICES,OTHER,HOUSING_AND_COMMUNITY_AMENITIES",EU_body_b002d25d3da224c48e75baf3960f501e3c6fea2aec5117d477d20d56b0d25f7e,Cork County Council,,Cork,IE,,1.0,,,AWARDED,,,,,,,,,,4.0,,,,,,,,1.0,yes,no,,,,,,,1.0,EU_body_bf553f58ff341d1684fd13d297f27fd902d82b25ebf88bc7fd3804230b13c4a2,East Cork Oil Ltd,,Midleton,IE,,"Cork,IE","Cork, County Cork, Munster, Éire / Ireland","[51.897077, -8.4654674]", Ireland
12,68b1fdc9-79a9-4dad-9217-924e7fafdc74,IE,,ABOVE_THE_THRESHOLD,SERVICES,OPEN,,72600000,"72600000,73220000",IE013,2009.0,EN,,,,2010/05/28,2009/03/10,,,,,48.0,1440.0,no,no,no,,,,no,no,yes,,,,,,,3232000.0,EUR,,,3232000.0,,,,,,1.0,,,1.0,2,2009-01-01,2009-01-01,2010-01-01,2010-01-01,,100.0,100,50.0,100,,100.0,,,0.0,100.0,0.0,,75.0,,,,,,,100.0,,,0.0,,,100.0,100.0,50.0,100.0,0.0,100.0,100.0,100.0,1.0,NATIONAL_AUTHORITY,GENERAL_PUBLIC_SERVICES,EU_body_8cee5ed8d158c86fd69cf449fd1740bfdef2dd79b9a7cb39d4c20bd154877dc1,General Register Office,,Roscommon,IE,,1.0,,,AWARDED,,,,,,,,,,5.0,,,,,,,,1.0,yes,no,,,,,,,1.0,EU_body_899bb07fbf4d81168c048492fc5f1563f8105080a88b7d3f382f252ecc00c65b,Accenture,,Dublin,IE,2,"Roscommon,IE","County Roscommon, Connacht, Éire / Ireland","[53.6982695, -8.218250761296193]", Ireland
13,804599f5-ed5d-42ed-8ef3-0f0479505763,IE,,ABOVE_THE_THRESHOLD,SUPPLIES,RESTRICTED,,72222300,"72222300,72222200,72251000,30230000,30241000,51610000,51612000",IE025,,EN,,,,2008/12/23,2007/10/31,,,,,,,no,no,no,,,,no,no,yes,,1652892.56,EUR,,,1652892.56,1290847.74,EUR,,,1290847.74,,,,,,5.0,,,1.0,2,2007-01-01,2007-01-01,2008-01-01,2008-01-01,,100.0,100,100.0,100,,100.0,,,0.0,100.0,0.0,,56.25,,,,,,,100.0,,,100.0,,,100.0,100.0,100.0,100.0,0.0,100.0,100.0,100.0,1.0,REGIONAL_AUTHORITY,"ENVIRONMENT,GENERAL_PUBLIC_SERVICES,OTHER,HOUSING_AND_COMMUNITY_AMENITIES",EU_body_b002d25d3da224c48e75baf3960f501e3c6fea2aec5117d477d20d56b0d25f7e,Cork County Council,,Cork,IE,,1.0,,,AWARDED,,,,,,,,,,4.0,,,,,,,,1.0,yes,no,,1290847.74,EUR,,,1290847.74,1.0,EU_body_22baf18af855bfdeda690142b6749f05849755d8271cbc73b000d02fdcbfd0e5,Dell (Ireland),,Limerick,IE,,"Cork,IE","Cork, County Cork, Munster, Éire / Ireland","[51.897077, -8.4654674]", Ireland
14,fcaa6116-fa15-4cce-aa69-1273e0db4714,IE,,ABOVE_THE_THRESHOLD,WORKS,RESTRICTED,,45260000,"45260000,45220000,45215200,45215210,45210000,45211000,45211100,45212000,45212200,45212221,45211300,45350000,45112700,45112723",IE01,,EN,,,,,2007/02/28,,,,,21.0,630.0,no,no,no,,,,no,no,yes,,20000000.0,EUR,,,20000000.0,,,,,,,,,,,,,,1.0,1,2007-01-01,2007-01-01,,,,,100,50.0,100,,,,,0.0,100.0,0.0,,,,,,,,,,,,0.0,,,,100.0,0.0,100.0,0.0,,100.0,,1.0,REGIONAL_AUTHORITY,"GENERAL_PUBLIC_SERVICES,HOUSING_AND_COMMUNITY_AMENITIES",EU_body_822372823038811ee27ad0b8cbb29ef4a74fa4c26e4e1164f766142e0b5f235c,Athlone Town Council,,Athlone,IE,,1.0,,,ANNOUNCED,,,,,,,,,,,,,,,,,,,,,,,,,,,,,,,,,,"Athlone,IE","Athlone, Southern Station Road, Athlone Bus Depot, Athlone East Urban ED, The Municipal District of Athlone — Moate, County Westmeath, Leinster, N37 E142, Éire / Ireland","[53.4271316, -7.9359608]", Ireland
15,97bcff76-b2ec-42cb-a524-4eb12c69f2a9,IE,,BELOW_THE_THRESHOLD,SERVICES,OPEN,,72000000,"72000000,72267000,72262000",IE,,EN,,,,2008/02/22,2007/08/24,,,,,,,no,no,no,,,,no,no,yes,,260000.0,EUR,,,260000.0,260000.0,EUR,,,260000.0,,,,,,5.0,,,1.0,2,2007-01-01,2007-01-01,2008-01-01,2008-01-01,,100.0,100,100.0,100,,100.0,,,0.0,100.0,0.0,,56.25,,,,,,,100.0,,,100.0,,,100.0,100.0,100.0,100.0,0.0,100.0,100.0,100.0,1.0,PUBLIC_BODY,OTHER,EU_body_eb477bf118ecebbd123e47003737a89cfd5b4995bea5036f31c358279d48fc34,Sustainable Energy Ireland,,Dublin 9,IE,,1.0,,,AWARDED,,,,,,,,,,4.0,,,,,,,,1.0,yes,no,,260000.0,EUR,,,260000.0,1.0,EU_body_06ba0fc7be4962ece05a92094533f94cf561578be46737d0df39e17d7a0d8364,Version 1,,Dublin,IE,1,"Dublin 9,IE","Dublin 9, Leinster, Éire / Ireland","[53.3860497, -6.245577085317763]", Ireland
16,b32b00ae-eba0-461c-9da6-5b5cd72f9ce4,IE,,BELOW_THE_THRESHOLD,SERVICES,RESTRICTED,,78140000,78140000,IE,,EN,,,,2007/06/27,2006/10/23,,,,,36.0,1080.0,no,no,no,,,,no,no,yes,,,,,,,196500.0,EUR,,,196500.0,,,,,,5.0,,,1.0,2,2006-01-01,2006-01-01,2007-01-01,2007-01-01,,100.0,100,100.0,100,,100.0,,,0.0,100.0,0.0,,56.25,,,,,,,100.0,,,100.0,,,100.0,100.0,100.0,100.0,0.0,100.0,100.0,100.0,1.0,PUBLIC_BODY,HEALTH,EU_body_068be56154e9d3e0847a44ed1ad2cc055bff818199750e9fd06b19fba67b42cf,Health Service Executive,,Naas,IE,"D1-24, Co. Kildare",1.0,,,AWARDED,,,,,,,,,,4.0,,,,,,,,1.0,yes,no,,196500.0,EUR,,,196500.0,1.0,EU_body_b0b51e1773adb314935aad8d43c3c5b96e112f2b16914145738d01d4d5dd0b57,Kellyprint Ltd,,Dublin 17,IE,,"Naas,IE","Naas, The Municipal District of Naas, County Kildare, Leinster, Éire / Ireland","[53.2214677, -6.6574093]", Ireland
17,b6199286-7766-4bf9-8cc4-a98956e64e6a,IE,,BELOW_THE_THRESHOLD,SUPPLIES,OPEN,,17212000,"17212000,18000000",IE025,,EN,,,,2006/12/08,2006/08/03,,,,,12.0,360.0,no,no,no,,,,no,no,yes,,,,,,,250000.0,EUR,,,250000.0,,,,,,1.0,,,1.0,2,2006-01-01,2006-01-01,2007-01-01,2007-01-01,,100.0,100,100.0,100,,100.0,,,0.0,100.0,0.0,,75.0,,,,,,,100.0,,,0.0,,,100.0,100.0,50.0,100.0,0.0,100.0,100.0,100.0,1.0,PUBLIC_BODY,HEALTH,EU_body_deac9156f13003a10b2e3a21307a7fefc11b39cea7ad326daca3f24a26f84bf7,"Health Service Executive, Head Office",,"Naas, County Kildare",IE,,1.0,,,AWARDED,,,,,,,,,,6.0,,,,,,,,1.0,yes,no,,,,,,,1.0,EU_body_7ea0ff7c27105d7933b43b191ca3ef69746581a5c3df295c8c84b1d2e51c9696,HL & FB Murphy Ltd,,Co Wexford,IE,,"Naas, County Kildare,IE","Naas, The Municipal District of Naas, County Kildare, Leinster, Éire / Ireland","[53.2214677, -6.6574093]", Ireland
18,10a4f5d7-ddcb-46fb-aaa9-e3bfedbd3c05,IE,,ABOVE_THE_THRESHOLD,SUPPLIES,OPEN,,33253000,33253000,IE,,,,,,2006/06/14,,,,,,,,no,no,no,,,,no,no,yes,,,,,,,159000.0,EUR,,,159000.0,,,,,,5.0,,,1.0,1,,,2006-01-01,2006-01-01,,100.0,0,100.0,100,100.0,100.0,,,0.0,100.0,0.0,,,,,,,,,100.0,,,100.0,,,100.0,,,,,100.0,,100.0,1.0,NATIONAL_AUTHORITY,"OTHER,GENERAL_PUBLIC_SERVICES,PUBLIC_ORDER_AND_SAFETY,SOCIAL_PROTECTION",EU_body_0add657fabefc5b3efdbd79bbf60415fc4ce19a44638bfe0f6169f485217a216,"Department of Justice, Equality and Law Reform",,Dublin,IE,2,1.0,,,AWARDED,,,,,,,,,,4.0,,,,,,,,1.0,yes,no,,159000.0,EUR,,,159000.0,1.0,EU_body_4c6989c0f40981bee1caa2aedea9662ac919b62303bc0856545cf59e40862760,Mason Technology Ltd,,Dublin,IE,8,"Dublin,IE","Dublin, Dublin 1, Leinster, Éire / Ireland","[53.3498006, -6.2602964]", Ireland
19,d747d05e-cf87-4536-b6b4-c78420af977f,IE,,ABOVE_THE_THRESHOLD,SERVICES,RESTRICTED,,74410000,74410000,IE,,"EN,Irish.",,,,2007/12/21,2007/12/10,,,,,36.0,1080.0,no,no,no,,,,no,no,yes,,4000000.0,EUR,,,4000000.0,4000000.0,EUR,,,4000000.0,,,,,,4.0,,,1.0,2,2007-01-01,2007-01-01,2008-01-01,2008-01-01,,100.0,100,100.0,100,,100.0,,,0.0,100.0,0.0,,60.0,,,,,,,100.0,,,100.0,,,100.0,100.0,100.0,100.0,0.0,100.0,100.0,100.0,1.0,NATIONAL_AUTHORITY,"OTHER,GENERAL_PUBLIC_SERVICES",EU_body_1495d895312f1a7d804e51a487cf7d73859eff7e259df16e90ac36cac7457cd4,"Department of Agriculture, Fisheries & Food",,Dublin,IE,2,1.0,,,AWARDED,,,,,,,,,,8.0,,,,,,,,1.0,yes,no,,4000000.0,EUR,,,4000000.0,1.0,EU_body_47ff45bd659090a1c1208e62f6df85f99570c47da767b527e45b82f5344e5646,AFA O'Meara Advertising,,Dublin 2,IE,,"Dublin,IE","Dublin, Dublin 1, Leinster, Éire / Ireland","[53.3498006, -6.2602964]", Ireland
20,62815a44-9f5f-43f2-b693-bc279b65f4fd,IE,,BELOW_THE_THRESHOLD,SUPPLIES,OPEN,,50940000,50940000,,,,,,,2006/02/06,,,,,,,,no,no,no,,,,no,no,yes,,,,,,,211000.0,EUR,,,211000.0,,,,,,1.0,,,1.0,1,,,2006-01-01,2006-01-01,,100.0,0,100.0,100,100.0,100.0,,,0.0,100.0,0.0,,,,,,,,,100.0,,,100.0,,,0.0,,,,,100.0,,100.0,1.0,PUBLIC_BODY,,EU_body_2ed1cd3ab6cdc7974f3b666de731ea07a9797e8f6773274e8aef6d53165f1c4e,"Adelaide and Meath Hospital, Dublin including the National Children's Hospital Purchasing and Materials Management",,Dublin 24,IE,,1.0,,,AWARDED,,,,,,,,,,6.0,,,,,,,,1.0,yes,no,,211000.0,EUR,,,211000.0,1.0,EU_body_25270ffb5ada878113e1e670960cb5d7d15b02d0cb380cb74351b9c45500d92b,Optima Medical Ltd,UKI33,London,UK,SW6 3JD,"Dublin 24,IE","Dublin 24, Leinster, Éire / Ireland","[53.2479888, -6.424349898216628]", Ireland
21,618e065a-2a04-4099-b417-1d9cc400e583,IE,,ABOVE_THE_THRESHOLD,SERVICES,RESTRICTED,,74130000,74130000,,,,,,,2005/11/22,,,,,,,,no,no,no,,,,no,no,yes,,,,,,,758500.0,EUR,,,758500.0,,,,,,4.0,,,1.0,1,,,2006-01-01,2006-01-01,,100.0,0,100.0,100,100.0,100.0,,,0.0,100.0,0.0,,,,,,,,,100.0,,,100.0,,,0.0,,,,,100.0,,100.0,1.0,PUBLIC_BODY,,EU_body_afc27e0de333f65de504462189baf23a2060a04906233ac475497c8a3881bdef,Commission for Communications Regulation,,Dublin,IE,Dublin 1,1.0,,,AWARDED,,,,,,,,,,2.0,,,,,,,,1.0,yes,no,,758500.0,EUR,,,758500.0,1.0,EU_body_128f8c72430dca94d10acc4766c2cac2be9cdea67ee5a5c122970979539562fd,TNS mrbi,,,IE,,"Dublin,IE","Dublin, Dublin 1, Leinster, Éire / Ireland","[53.3498006, -6.2602964]", Ireland
22,cd0a2f7c-a3aa-4d27-a483-1da9d5dd8f26,IE,,ABOVE_THE_THRESHOLD,SUPPLIES,OPEN,,34144212,34144212,IE,,EN,,,,2007/04/25,2006/12/04,,,,,,,no,no,no,,,,no,no,yes,,500000.0,EUR,,,500000.0,674827.27,EUR,,,674827.27,,,,,,1.0,,,1.0,2,2006-01-01,2006-01-01,2007-01-01,2007-01-01,,100.0,100,100.0,100,,100.0,,,0.0,100.0,0.0,,75.0,,,,,,,100.0,,,100.0,,,100.0,100.0,100.0,100.0,0.0,100.0,100.0,100.0,1.0,REGIONAL_AUTHORITY,GENERAL_PUBLIC_SERVICES,EU_body_73f72df73c406296d397fed1c8d664d9d652d2212e3a5a82d2d89434e36dc10f,Drogheda Borough Council,,Drogheda,IE,,1.0,,,AWARDED,,,,,,,,,,3.0,,,,,,,,1.0,yes,no,,674827.27,EUR,,,674827.27,1.0,EU_body_464669476bc5d254f17a1a9f1da91eaa92495d10e328c324939bb63d9ecc2a4c,GB Fire Limited,,Brierley Hill,UK,"DY5 1UT, West Midlands","Drogheda,IE","Drogheda Poor Law Union 1885, County Louth, Leinster, Éire / Ireland","[53.71698355, -6.376937127127516]", Ireland
23,0eee4bb3-6223-40d1-9a86-c6bfc4620ee0,IE,,ABOVE_THE_THRESHOLD,SERVICES,RESTRICTED,,74231120,74231120,IE024,,EN,,,,2007/07/27,2007/01/19,,,,,24.0,720.0,no,no,no,,,,no,no,yes,,520000.0,EUR,,,520000.0,283000.0,EUR,,,283000.0,,,,,,8.0,,,1.0,2,2006-01-01,2006-01-01,2008-01-01,2008-01-01,,100.0,100,100.0,100,,100.0,,,0.0,100.0,0.0,,47.3684,,,,,,,100.0,,,100.0,,,100.0,100.0,100.0,100.0,0.0,100.0,100.0,100.0,1.0,REGIONAL_AUTHORITY,"ENVIRONMENT,GENERAL_PUBLIC_SERVICES,HOUSING_AND_COMMUNITY_AMENITIES,PUBLIC_ORDER_AND_SAFETY",EU_body_ea08a5b00c761f294f9ba8b610a4723faf8036b89b6ad4ad2fc22ef1e37a3ae4,Waterford City Council,,Waterford,IE,,1.0,,,AWARDED,,,,,,,,,,5.0,,,,,,,,1.0,yes,no,,283000.0,EUR,,,283000.0,1.0,EU_body_3d8fb43f2a3609e42886bf016d27668369092b230c1e3c6e20aa9df205a3e3a7,Roadplan ROD,,Kilkenny,IE,,"Waterford,IE","Waterford, County Waterford, Munster, Éire / Ireland","[52.2609997, -7.1119081]", Ireland
24,1899ca88-5c16-4715-ba99-f50f0d882622,IE,,ABOVE_THE_THRESHOLD,SERVICES,OPEN,,74610000,74610000,IE,,EN,,,,2008/07/28,2007/02/02,,,,,48.0,1440.0,no,no,no,,,,no,no,yes,,,,,,,12809535.0,EUR,,,12809535.0,,,,,,1.0,,,1.0,2,2007-01-01,2007-01-01,2008-01-01,2008-01-01,,100.0,100,50.0,100,,100.0,,,0.0,100.0,0.0,,53.3333,,,,,,,100.0,,,0.0,,,100.0,100.0,100.0,100.0,0.0,100.0,100.0,100.0,1.0,PUBLIC_BODY,HEALTH,EU_body_02c1b43f0201ff26ca8c52591da82cf59d60d0dab05a9fbd8e49e6f8cdb46467,Health Service Executive,,Naas,IE,,1.0,,,AWARDED,,,,,,,,,,16.0,,,,,,,,1.0,yes,no,,,,,,,1.0,EU_body_b9f37e3a42aca8a206a7e4a2b880df8e6961a42bac57bc4d6daa598c14a760e2,Federal Security Solutions Limited,,Dublin,IE,2,"Naas,IE","Naas, The Municipal District of Naas, County Kildare, Leinster, Éire / Ireland","[53.2214677, -6.6574093]", Ireland
25,43dcaa5b-7e37-47b5-80e1-36a9f158a3e2,IE,,ABOVE_THE_THRESHOLD,SUPPLIES,OPEN,,30217000,"30217000,30217300,30217320,30217330,30217340,30125100",IE,,,,,,2006/11/09,,,,,,,,no,no,no,,,,no,no,yes,,,,,,,253056.7,EUR,,,253056.7,,,,,,1.0,,,1.0,1,,,2006-01-01,2006-01-01,,100.0,0,100.0,100,100.0,100.0,,,0.0,100.0,0.0,,,,,,,,,100.0,,,100.0,,,100.0,,,,,100.0,,100.0,1.0,NATIONAL_AUTHORITY,"GENERAL_PUBLIC_SERVICES,OTHER,PUBLIC_ORDER_AND_SAFETY",EU_body_b2444c06a7322d636264ddc05c120a4a3e99ff6a78ff25e9f40e5869b0449f6d,Courts Service,,Dublin,IE,7,1.0,,,AWARDED,,,,,,,,,,2.0,,,,,,,,1.0,yes,no,,253056.7,EUR,,,253056.7,1.0,EU_body_95b332aa051044359c2d9099cf4eb07c07bb2d6f22e84484b5a7f30648fd4f1e,Datapac Ltd,,Dublin,IE,22,"Dublin,IE","Dublin, Dublin 1, Leinster, Éire / Ireland","[53.3498006, -6.2602964]", Ireland
26,662affce-5ccd-4636-8354-5eb278c2818b,IE,,ABOVE_THE_THRESHOLD,SERVICES,OPEN,,74232400,"74232400,74231200,74233400",IE021,,EN,,,,2007/05/17,2006/11/10,,2006/12/12,2008/09/30,,21.0,658.0,no,no,no,,,,yes,no,yes,,15000000.0,EUR,,,15000000.0,15000000.0,EUR,,,15000000.0,,,,,,6.0,,,1.0,2,2006-01-01,2006-01-01,2007-01-01,2007-01-01,,100.0,100,100.0,100,,100.0,,,0.0,100.0,0.0,,52.9412,,,,,,,100.0,,,0.0,,,100.0,100.0,100.0,100.0,0.0,100.0,100.0,100.0,1.0,NATIONAL_AUTHORITY,"OTHER,PUBLIC_ORDER_AND_SAFETY,GENERAL_PUBLIC_SERVICES",EU_body_43634c3f4e682563f94c22cec700bdf3eececb53977f6b23f3f4b0cae13e37df,"Office of Public Works, Project Management Services",,Dublin 2,IE,,1.0,,,AWARDED,,,,,,,,,,47.0,,,,,,,,1.0,yes,no,,,,,,,1.0,EU_body_e50b97f775b84c3e6099c5a3359ca663d2bd837bc2d3947291321ba19edd3287,D. L. Martin & Partners,,,IE,,"Dublin 2,IE","Dublin 2, Leinster, Éire / Ireland","[53.338971400000005, -6.252678799450818]", Ireland
27,c0760fd3-b4c5-44d1-ab89-ccebc4cd7fe5,IE,,ABOVE_THE_THRESHOLD,SERVICES,OPEN,,71353100,"71353100,38290000,71250000,71351923,79311000,74271800,74273000,74273100,74273200,74274100,74274500,74275000",IE,2009.0,"EN,Irish.",,,,2008/11/25,2008/10/01,,,,,4.0,120.0,no,no,no,,,,no,no,yes,,400000.0,EUR,,,400000.0,389000.0,EUR,,,389000.0,,,,,,7.0,,,1.0,2,2008-01-01,2008-01-01,2009-01-01,2009-01-01,,100.0,100,100.0,100,,100.0,,,0.0,100.0,0.0,,47.8261,,,,,,,100.0,,,0.0,,,100.0,100.0,50.0,100.0,0.0,100.0,100.0,100.0,1.0,REGIONAL_AUTHORITY,"GENERAL_PUBLIC_SERVICES,ENVIRONMENT,OTHER,HOUSING_AND_COMMUNITY_AMENITIES,RECREATION_CULTURE_AND_RELIGION",EU_body_420bb0d425d9914023f5599bb610fc9f86a6e75026d217309c55ec5e823e3bbd,Fingal County Council,,Swords,IE,Dublin,1.0,,,AWARDED,,,,,,,,,,8.0,,,,,,,,1.0,yes,no,,,,,,,1.0,EU_body_54cbbe6569280b548b05c042f07dada9b5e18e22436ac150dcd6db8d24974aad,DigiTech 3D Land Surveys Ltd,,,IE,,"Swords,IE","Swords, Morgan County, Georgia, 30625, United States","[33.544294, -83.3068284]","Swords, Morgan County, Georgia, 30625, United States"
28,146ee70a-5431-4cfd-a84b-e0d3560a074c,IE,,BELOW_THE_THRESHOLD,SERVICES,OPEN,,72000000,72000000,IE,2009.0,EN,,,,2008/11/27,2008/10/23,,,,,,,no,no,no,,,,no,no,yes,,,,,,,200000.0,EUR,,,200000.0,,,,,,3.0,,,1.0,2,2008-01-01,2008-01-01,2009-01-01,2009-01-01,,100.0,100,100.0,100,,100.0,,,0.0,100.0,0.0,,64.2857,,,,,,,100.0,,,100.0,,,100.0,100.0,100.0,100.0,0.0,100.0,100.0,100.0,1.0,PUBLIC_BODY,HEALTH,EU_body_02c1b43f0201ff26ca8c52591da82cf59d60d0dab05a9fbd8e49e6f8cdb46467,Health Service Executive,,Naas,IE,,1.0,,,AWARDED,,,,,,,,,,9.0,,,,,,,,1.0,yes,no,,200000.0,EUR,,,200000.0,1.0,EU_body_da7e083ef9f8f9444dfd658f57cd8a2c1d5a427c6ea4180be0ba8cd53b242cae,Eurokom Ltd,,Dublin,IE,14,"Naas,IE","Naas, The Municipal District of Naas, County Kildare, Leinster, Éire / Ireland","[53.2214677, -6.6574093]", Ireland
29,5e9ede6e-8f25-475f-8f55-9500dfac0c58,IE,,ABOVE_THE_THRESHOLD,WORKS,OPEN,,45233100,45233100,IE,,,,,,2003/09/17,,,,,,,,yes,no,no,,,,no,no,yes,,,,,,,6056051.98,EUR,,,6056051.98,,,,,,1.0,,,1.0,1,,,2007-01-01,2007-01-01,,100.0,0,100.0,100,100.0,100.0,,,0.0,100.0,0.0,,,,,,,,,100.0,,,100.0,,,100.0,,,,,100.0,,100.0,1.0,REGIONAL_AUTHORITY,"GENERAL_PUBLIC_SERVICES,ENVIRONMENT,OTHER",EU_body_65fd9316b50ec5f68205d2cba69f84292ae1d23d4be46042e9b0361260a14c93,Mayo County Council,,Castlebar,IE,,1.0,,,AWARDED,,,,,,,,,,17.0,,,,,,,,1.0,yes,no,,6056051.98,EUR,,,6056051.98,1.0,EU_body_77ce038cdf0b35fe5368b01de980fd071fc70330e30adf28af2d16dec515e570,Noel Regan & Sons (Plant Hire) Ltd,,"Ballaghaderreen, County Rosscommon",IE,,"Castlebar,IE","Castlebar, Station Road, Saleen, Castlebar Urban ED, Castlebar Municipal District, County Mayo, Connacht, F23 RC84, Éire / Ireland","[53.8472417, -9.2879285]", Ireland